account_id,account_number,account_name,portfolio_id,branch_id,officer_id,customer_id,approval_date,loan_amount,interest_rate,status,ltv_ratio,collateral_type
1,ACC_00000001,Loan_1,1,1,2,CUST_000037,2026-02-15T17:09:49.360109,281796.4793805166,0.17564762209265627,Active,0.6810534635458313,Unsecured
2,ACC_00000002,Loan_2,1,1,1,CUST_000234,2024-11-27T17:09:49.360109,432383.3795942159,0.13026120484394244,Active,0.39139775367872126,Equipment
3,ACC_00000003,Loan_3,1,1,1,CUST_000207,2024-05-28T17:09:49.362118,30690.96707571796,0.08822374189920053,Active,0.7390348419385278,Unsecured
4,ACC_00000004,Loan_4,1,1,2,CUST_000401,2025-11-26T17:09:49.362118,9939.49444593244,0.1946887324709824,Active,0.8016706219243492,Land
5,ACC_00000005,Loan_5,1,1,1,CUST_000487,2025-03-09T17:09:49.362118,377079.70515134506,0.17469556610385928,Active,0.332108677747826,Unsecured
6,ACC_00000006,Loan_6,1,1,2,CUST_000120,2025-09-03T17:09:49.364127,348433.7506988688,0.16055247360671665,Active,0.42515302064463045,Land
7,ACC_00000007,Loan_7,1,1,2,CUST_000385,2025-07-22T17:09:49.364127,307136.86018257216,0.05482203868173337,Active,0.37625774413106355,Equipment
8,ACC_00000008,Loan_8,1,1,1,CUST_000455,2024-10-20T17:09:49.366915,187722.41593555623,0.12143846679860898,Active,0.6123263023829151,Building
9,ACC_00000009,Loan_9,1,1,2,CUST_000004,2025-03-18T17:09:49.366915,355176.0062051565,0.19235558899818989,Defaulted,0.6496116879327498,Equipment
10,ACC_00000010,Loan_10,1,1,1,CUST_000118,2026-01-13T17:09:49.368949,325907.27601290675,0.1522187642944796,Active,0.8801811087709892,Equipment
11,ACC_00000011,Loan_11,1,1,3,CUST_000397,2026-02-05T17:09:49.368949,215267.7540544722,0.11834976846518547,Active,0.3041044488890181,Building
12,ACC_00000012,Loan_12,1,1,2,CUST_000209,2025-07-10T17:09:49.368949,380962.47361488733,0.09119763683769465,Closed,0.31268989400964975,Equipment
13,ACC_00000013,Loan_13,1,1,3,CUST_000219,2026-03-16T17:09:49.368949,29548.786568942633,0.06893619810095902,Active,0.5995018999575971,Unsecured
14,ACC_00000014,Loan_14,1,1,1,CUST_000263,2024-05-25T17:09:49.370958,66853.50021158895,0.0713102494432226,Active,0.45587664970269626,Unsecured
15,ACC_00000015,Loan_15,1,1,2,CUST_000035,2025-07-24T17:09:49.370958,388254.3181118322,0.18124059607472132,Active,0.6429766160166993,Building
16,ACC_00000016,Loan_16,1,1,2,CUST_000093,2026-02-04T17:09:49.370958,274370.6587435169,0.05160162813475658,Active,0.3325270465235958,Land
17,ACC_00000017,Loan_17,1,1,2,CUST_000236,2024-09-28T17:09:49.372967,184442.31700445118,0.167329265554985,Active,0.6919737245408176,Equipment
18,ACC_00000018,Loan_18,1,1,2,CUST_000404,2024-12-14T17:09:49.373974,24960.993661870598,0.0689536942069188,Active,0.39176591188525567,Equipment
19,ACC_00000019,Loan_19,1,1,2,CUST_000418,2025-11-21T17:09:49.373974,319402.7094876478,0.2319110856874405,Active,0.6342285517153405,Land
20,ACC_00000020,Loan_20,1,1,2,CUST_000134,2024-12-18T17:09:49.373974,462702.2971755645,0.07250082664761831,Active,0.4998045798313465,Equipment
21,ACC_00000021,Loan_21,2,1,2,CUST_000175,2025-04-29T17:09:49.375983,199300.46821682446,0.10827687720414643,Closed,0.5708446022601414,Equipment
22,ACC_00000022,Loan_22,2,1,1,CUST_000345,2024-11-12T17:09:49.375983,82160.94527725382,0.09128904648324009,Active,0.5114615649159451,Building
23,ACC_00000023,Loan_23,2,1,3,CUST_000212,2025-12-12T17:09:49.375983,449581.3644792528,0.2405330856196733,Active,0.7721568635379972,Land
24,ACC_00000024,Loan_24,2,1,3,CUST_000040,2024-05-24T17:09:49.375983,463137.014215213,0.2157859782386024,Active,0.36487401148625764,Land
25,ACC_00000025,Loan_25,2,1,3,CUST_000159,2025-09-10T17:09:49.377991,245102.38882320278,0.10125863245892153,Active,0.4744751665331085,Building
26,ACC_00000026,Loan_26,2,1,3,CUST_000153,2025-03-12T17:09:49.377991,160818.8837398942,0.06046975336192049,Defaulted,0.6848942214385727,Equipment
27,ACC_00000027,Loan_27,2,1,3,CUST_000465,2025-03-28T17:09:49.377991,125826.81338383816,0.19580268425859376,Active,0.8888262625957171,Land
28,ACC_00000028,Loan_28,2,1,3,CUST_000303,2024-08-17T17:09:49.380000,194146.85793221171,0.1688818767618146,Active,0.4535297316268651,Building
29,ACC_00000029,Loan_29,2,1,2,CUST_000469,2025-01-17T17:09:49.380000,257322.51277109722,0.13071789415302953,Active,0.43578257169074075,Equipment
30,ACC_00000030,Loan_30,2,1,1,CUST_000148,2026-02-04T17:09:49.380000,436280.08927061036,0.21549619195140124,Active,0.6600743639636979,Land
31,ACC_00000031,Loan_31,2,1,2,CUST_000500,2025-07-08T17:09:49.382008,110606.55440726262,0.1150780847122479,Active,0.6723355172513992,Land
32,ACC_00000032,Loan_32,2,1,2,CUST_000417,2024-06-06T17:09:49.382008,418619.6059858265,0.05363991843021054,Closed,0.8681376152052254,Land
33,ACC_00000033,Loan_33,2,1,3,CUST_000452,2025-02-20T17:09:49.382008,249476.21934209278,0.17373746994239425,Active,0.723047956910275,Equipment
34,ACC_00000034,Loan_34,2,1,3,CUST_000084,2025-04-10T17:09:49.384017,454784.50286347803,0.21170265465208216,Defaulted,0.30697596077121997,Building
35,ACC_00000035,Loan_35,2,1,2,CUST_000500,2024-09-09T17:09:49.384697,262812.4371915483,0.16808074513078125,Active,0.8837411827180239,Unsecured
36,ACC_00000036,Loan_36,2,1,3,CUST_000343,2025-03-12T17:09:49.388715,225420.91232572915,0.11920048259445529,Active,0.7491353914024061,Unsecured
37,ACC_00000037,Loan_37,2,1,2,CUST_000499,2024-10-04T17:09:49.388715,180708.18533814678,0.22853553066898036,Active,0.6874589704157621,Land
38,ACC_00000038,Loan_38,2,1,3,CUST_000357,2024-05-25T17:09:49.388715,263304.59981010325,0.13681527883938394,Active,0.5929316155195432,Land
39,ACC_00000039,Loan_39,2,1,2,CUST_000088,2025-07-30T17:09:49.388715,110787.9225520266,0.10344145535131383,Active,0.6089894422174835,Land
40,ACC_00000040,Loan_40,2,1,2,CUST_000022,2024-06-20T17:09:49.394032,207055.5754996219,0.10256460524247775,Active,0.7933097434900405,Land
41,ACC_00000041,Loan_41,3,2,4,CUST_000233,2024-10-14T17:09:49.396041,162926.79552006302,0.1997670571793434,Active,0.6799962794190498,Unsecured
42,ACC_00000042,Loan_42,3,2,5,CUST_000464,2025-02-21T17:09:49.397790,236811.21625242394,0.1327697489144334,Active,0.4543282072509771,Building
43,ACC_00000043,Loan_43,3,2,6,CUST_000122,2024-08-03T17:09:49.399797,410931.73917396856,0.17013558459104106,Restructured,0.6761590985579147,Building
44,ACC_00000044,Loan_44,3,2,4,CUST_000068,2024-10-10T17:09:49.401979,327320.4630645625,0.13269778267950097,Active,0.6260671131251356,Building
45,ACC_00000045,Loan_45,3,2,5,CUST_000371,2025-06-02T17:09:49.401979,439138.22768083605,0.12621242935711321,Active,0.8223605055454271,Building
46,ACC_00000046,Loan_46,3,2,6,CUST_000425,2025-04-24T17:09:49.403989,47013.98868399125,0.11663663109920537,Defaulted,0.7827199769066626,Equipment
47,ACC_00000047,Loan_47,3,2,5,CUST_000356,2026-01-28T17:09:49.405996,296774.3941991033,0.06107582682959159,Active,0.8298917918230992,Unsecured
48,ACC_00000048,Loan_48,3,2,4,CUST_000482,2026-03-21T17:09:49.411862,295449.54809487355,0.18193318633814964,Active,0.4451217816682742,Land
49,ACC_00000049,Loan_49,3,2,4,CUST_000150,2025-08-31T17:09:49.411862,314275.9614260104,0.15014111809877706,Active,0.6236247352944166,Equipment
50,ACC_00000050,Loan_50,3,2,4,CUST_000223,2026-03-13T17:09:49.413885,53556.71128928581,0.24509809966621116,Active,0.5045314346815107,Land
51,ACC_00000051,Loan_51,3,2,5,CUST_000067,2024-06-11T17:09:49.419090,272830.10579531506,0.11330042798205815,Closed,0.8581988599178731,Building
52,ACC_00000052,Loan_52,3,2,4,CUST_000316,2025-07-08T17:09:49.421097,27478.027261433326,0.07991794058267238,Active,0.37862532548725947,Equipment
53,ACC_00000053,Loan_53,3,2,4,CUST_000171,2025-05-04T17:09:49.421097,66827.45259044785,0.24537229375931274,Restructured,0.8620316875964109,Building
54,ACC_00000054,Loan_54,3,2,6,CUST_000302,2025-06-30T17:09:49.423107,153334.4201759561,0.1879157740624755,Active,0.4376019431430437,Building
55,ACC_00000055,Loan_55,3,2,6,CUST_000320,2025-09-25T17:09:49.423107,59340.05805340904,0.17950379745980916,Active,0.3566903251073782,Equipment
56,ACC_00000056,Loan_56,3,2,5,CUST_000284,2025-06-16T17:09:49.423107,317105.907680929,0.1796966683740256,Active,0.41008992261601385,Unsecured
57,ACC_00000057,Loan_57,3,2,6,CUST_000480,2025-10-30T17:09:49.425116,240715.764460495,0.23411674381781733,Active,0.43591718713619965,Unsecured
58,ACC_00000058,Loan_58,3,2,6,CUST_000247,2025-12-03T17:09:49.425116,315886.99291946046,0.07454818929179657,Active,0.8910573140038787,Equipment
59,ACC_00000059,Loan_59,3,2,6,CUST_000149,2025-06-18T17:09:49.425116,159384.40368639914,0.0732815372929639,Active,0.8905855145175214,Equipment
60,ACC_00000060,Loan_60,3,2,4,CUST_000288,2025-01-11T17:09:49.427125,477465.19088162476,0.06440432407315444,Active,0.6888172763640993,Land
61,ACC_00000061,Loan_61,4,2,5,CUST_000125,2024-06-21T17:09:49.427125,84164.87409528792,0.12168988942671273,Active,0.48954916947338156,Equipment
62,ACC_00000062,Loan_62,4,2,4,CUST_000213,2025-08-29T17:09:49.427125,446409.0532236079,0.0909337895187895,Defaulted,0.48061565222501934,Building
63,ACC_00000063,Loan_63,4,2,6,CUST_000423,2025-03-28T17:09:49.429132,268324.6355856958,0.1250482813780497,Active,0.4169756976201063,Building
64,ACC_00000064,Loan_64,4,2,4,CUST_000071,2025-09-03T17:09:49.429132,469523.7486293078,0.2464596872640839,Defaulted,0.7945075112063662,Building
65,ACC_00000065,Loan_65,4,2,6,CUST_000141,2024-09-10T17:09:49.429132,193852.67333371352,0.08516814107564649,Closed,0.7246329960130353,Land
66,ACC_00000066,Loan_66,4,2,5,CUST_000439,2025-04-25T17:09:49.429132,61159.574704001374,0.09295831964453422,Active,0.513607636289398,Unsecured
67,ACC_00000067,Loan_67,4,2,6,CUST_000211,2024-07-28T17:09:49.431140,213805.25727452294,0.13455158416682067,Closed,0.8025965434656332,Building
68,ACC_00000068,Loan_68,4,2,6,CUST_000271,2024-12-29T17:09:49.431140,345171.44538465183,0.22618465981764768,Active,0.4631957857561435,Building
69,ACC_00000069,Loan_69,4,2,6,CUST_000078,2026-01-14T17:09:49.433861,382322.17615603626,0.062205542286483985,Restructured,0.6136118346997568,Equipment
70,ACC_00000070,Loan_70,4,2,4,CUST_000265,2025-07-29T17:09:49.433861,208327.90274592408,0.15045338777043987,Closed,0.35005460532669214,Unsecured
71,ACC_00000071,Loan_71,4,2,5,CUST_000261,2025-10-23T17:09:49.435873,403124.9085545929,0.07782200036893534,Active,0.7136246171040563,Land
72,ACC_00000072,Loan_72,4,2,6,CUST_000005,2025-04-17T17:09:49.435873,428642.3560348433,0.1948611259462314,Closed,0.5969014231043224,Land
73,ACC_00000073,Loan_73,4,2,4,CUST_000367,2025-11-14T17:09:49.435873,347632.21274815797,0.21379526360331996,Closed,0.8505496704179047,Unsecured
74,ACC_00000074,Loan_74,4,2,5,CUST_000119,2025-01-12T17:09:49.437881,335770.5634936317,0.22196638908286043,Active,0.7245154010009883,Building
75,ACC_00000075,Loan_75,4,2,6,CUST_000326,2024-09-04T17:09:49.437881,247324.52361725672,0.16257462664180133,Active,0.38204522728426227,Equipment
76,ACC_00000076,Loan_76,4,2,5,CUST_000139,2026-02-23T17:09:49.437881,330570.74607258994,0.09938773867836762,Closed,0.6795619998012461,Building
77,ACC_00000077,Loan_77,4,2,5,CUST_000318,2026-02-02T17:09:49.437881,408721.7212559834,0.2495880832568272,Active,0.3115790252409555,Equipment
78,ACC_00000078,Loan_78,4,2,4,CUST_000262,2025-12-06T17:09:49.439889,379655.47747793654,0.09143538549728208,Active,0.648029195601824,Building
79,ACC_00000079,Loan_79,4,2,6,CUST_000210,2024-07-22T17:09:49.439889,100417.20075592108,0.0854516573523203,Active,0.8105758672774996,Land
80,ACC_00000080,Loan_80,4,2,4,CUST_000183,2024-12-25T17:09:49.439889,26301.920736813725,0.07747947620207417,Active,0.68001887535648,Unsecured
81,ACC_00000081,Loan_81,5,3,8,CUST_000249,2026-03-18T17:09:49.441897,361243.1607759312,0.2274855908996184,Active,0.3643745678951683,Equipment
82,ACC_00000082,Loan_82,5,3,8,CUST_000266,2026-03-05T17:09:49.441897,257021.5832269478,0.19167551583195458,Defaulted,0.7463420591878189,Building
83,ACC_00000083,Loan_83,5,3,7,CUST_000353,2025-05-30T17:09:49.441897,222220.5428361972,0.22290346310934062,Active,0.8074713794617818,Unsecured
84,ACC_00000084,Loan_84,5,3,7,CUST_000072,2025-04-13T17:09:49.443905,162545.64259099297,0.17033375746912205,Active,0.599013055380379,Equipment
85,ACC_00000085,Loan_85,5,3,9,CUST_000269,2025-01-12T17:09:49.443905,316649.83640492585,0.11286174255261008,Active,0.596029902845415,Equipment
86,ACC_00000086,Loan_86,5,3,9,CUST_000239,2025-03-12T17:09:49.443905,294617.06258536055,0.05127556505352329,Active,0.7202038371300594,Equipment
87,ACC_00000087,Loan_87,5,3,8,CUST_000340,2024-12-26T17:09:49.445913,315944.71724651085,0.18025083718194762,Closed,0.6786948470257507,Unsecured
88,ACC_00000088,Loan_88,5,3,7,CUST_000395,2025-12-10T17:09:49.445913,469095.063109416,0.07405989520503356,Closed,0.6207888188628916,Equipment
89,ACC_00000089,Loan_89,5,3,8,CUST_000064,2025-11-06T17:09:49.445913,94775.51938047167,0.24396248513824031,Active,0.6798553580647234,Unsecured
90,ACC_00000090,Loan_90,5,3,9,CUST_000479,2025-04-24T17:09:49.445913,13316.866138062105,0.237338168365046,Active,0.4862461589930077,Building
91,ACC_00000091,Loan_91,5,3,7,CUST_000401,2026-02-08T17:09:49.447921,89195.88568259995,0.21090719597243196,Active,0.3568359528081763,Building
92,ACC_00000092,Loan_92,5,3,8,CUST_000369,2025-07-08T17:09:49.449873,264433.69005953846,0.06426704106547108,Active,0.7545172650162618,Building
93,ACC_00000093,Loan_93,5,3,9,CUST_000049,2025-09-01T17:09:49.449873,83236.87944200696,0.16109337547977443,Closed,0.46108045516477747,Unsecured
94,ACC_00000094,Loan_94,5,3,7,CUST_000270,2025-03-06T17:09:49.449873,270751.66694736615,0.18419585892891016,Active,0.6041602839583164,Building
95,ACC_00000095,Loan_95,5,3,7,CUST_000011,2025-12-01T17:09:49.449873,416654.55110592145,0.10143784235534858,Active,0.3107863987057157,Building
96,ACC_00000096,Loan_96,5,3,7,CUST_000142,2025-11-02T17:09:49.449873,121761.4426601842,0.05690995625633797,Active,0.4725868404923895,Equipment
97,ACC_00000097,Loan_97,5,3,9,CUST_000188,2024-05-26T17:09:49.449873,215140.50096190456,0.15873346831166457,Defaulted,0.6791985629659403,Unsecured
98,ACC_00000098,Loan_98,5,3,7,CUST_000059,2024-09-29T17:09:49.449873,213084.54049820462,0.10656140317299037,Active,0.30329516990374,Land
99,ACC_00000099,Loan_99,5,3,9,CUST_000416,2025-05-05T17:09:49.449873,150477.727916762,0.1854755456514816,Closed,0.7679862976944933,Land
100,ACC_00000100,Loan_100,5,3,8,CUST_000184,2025-11-07T17:09:49.449873,242384.4066761344,0.09202290509819484,Active,0.6102313303517759,Land
101,ACC_00000101,Loan_101,6,3,9,CUST_000019,2024-09-15T17:09:49.456257,180259.1697043437,0.11989878197128193,Active,0.7000261895485229,Equipment
102,ACC_00000102,Loan_102,6,3,7,CUST_000121,2025-08-09T17:09:49.456257,330802.91766900645,0.05518004564205525,Active,0.7709890391992996,Unsecured
103,ACC_00000103,Loan_103,6,3,8,CUST_000479,2025-06-12T17:09:49.456257,181460.4682176996,0.13553806634442173,Active,0.7591181434352922,Unsecured
104,ACC_00000104,Loan_104,6,3,9,CUST_000216,2025-10-31T17:09:49.456257,72997.20970938641,0.18493552570230715,Active,0.32987425375296237,Equipment
105,ACC_00000105,Loan_105,6,3,7,CUST_000148,2026-04-15T17:09:49.456257,108786.47881641053,0.24133064826008643,Defaulted,0.467886035154809,Land
106,ACC_00000106,Loan_106,6,3,9,CUST_000063,2025-06-06T17:09:49.456257,341096.4725928207,0.17217824002829946,Active,0.7000077841402526,Land
107,ACC_00000107,Loan_107,6,3,8,CUST_000338,2025-08-01T17:09:49.456257,160712.97204506234,0.14911380225410986,Defaulted,0.3139215783488961,Building
108,ACC_00000108,Loan_108,6,3,9,CUST_000221,2024-09-30T17:09:49.456257,174683.13394226527,0.23831907199357866,Closed,0.839938524493405,Equipment
109,ACC_00000109,Loan_109,6,3,9,CUST_000031,2024-05-26T17:09:49.456257,308923.76653015416,0.2253121003726189,Active,0.8413617495747465,Building
110,ACC_00000110,Loan_110,6,3,9,CUST_000223,2024-10-15T17:09:49.456257,167217.05366845347,0.21604337659010547,Active,0.446533007395356,Land
111,ACC_00000111,Loan_111,6,3,8,CUST_000469,2025-08-30T17:09:49.456257,304978.3165628138,0.11828124083944386,Active,0.445674592815984,Land
112,ACC_00000112,Loan_112,6,3,8,CUST_000475,2026-02-25T17:09:49.456257,494053.8251748539,0.08477317505747813,Active,0.3659317186099222,Equipment
113,ACC_00000113,Loan_113,6,3,8,CUST_000075,2025-08-25T17:09:49.456257,366262.3448213816,0.0767389585164307,Active,0.8056889121507071,Unsecured
114,ACC_00000114,Loan_114,6,3,7,CUST_000135,2024-07-05T17:09:49.464877,19817.419207926643,0.16649292535830335,Closed,0.447599800902571,Building
115,ACC_00000115,Loan_115,6,3,7,CUST_000151,2024-06-05T17:09:49.464877,300980.5299378652,0.11311981451734548,Defaulted,0.7820825044577185,Equipment
116,ACC_00000116,Loan_116,6,3,8,CUST_000309,2025-02-11T17:09:49.466485,244271.07679491086,0.21655271022979877,Active,0.6708942605909857,Land
117,ACC_00000117,Loan_117,6,3,9,CUST_000397,2024-07-23T17:09:49.466485,267954.51669487456,0.24041044889798419,Closed,0.3913906071688208,Land
118,ACC_00000118,Loan_118,6,3,9,CUST_000086,2025-08-04T17:09:49.466485,240774.44470717784,0.23912187009565777,Active,0.3872301929705158,Land
119,ACC_00000119,Loan_119,6,3,8,CUST_000484,2024-06-06T17:09:49.466485,193229.70760652248,0.22136650437387367,Active,0.39426858981999563,Building
120,ACC_00000120,Loan_120,6,3,8,CUST_000254,2025-03-28T17:09:49.466485,312093.4199476332,0.11330735706634099,Closed,0.43815271853019894,Building
121,ACC_00000121,Loan_121,7,4,12,CUST_000111,2025-09-02T17:09:49.466485,99551.69202456668,0.22099431359773747,Active,0.3274448800608071,Equipment
122,ACC_00000122,Loan_122,7,4,10,CUST_000325,2024-10-15T17:09:49.466485,110525.97875900527,0.158693862574237,Active,0.7650585346733301,Land
123,ACC_00000123,Loan_123,7,4,11,CUST_000184,2025-05-19T17:09:49.466485,398261.6994440259,0.2264410626716919,Active,0.7634523828144248,Unsecured
124,ACC_00000124,Loan_124,7,4,11,CUST_000151,2025-02-07T17:09:49.466485,303521.97853160056,0.1542276390111535,Active,0.3654047917204259,Building
125,ACC_00000125,Loan_125,7,4,12,CUST_000233,2026-02-14T17:09:49.472655,347789.6298750457,0.1268819594337129,Closed,0.8390399568425051,Equipment
126,ACC_00000126,Loan_126,7,4,12,CUST_000351,2024-11-03T17:09:49.473177,142681.08644437377,0.21282717580245297,Active,0.8174092496694942,Equipment
127,ACC_00000127,Loan_127,7,4,12,CUST_000331,2025-08-08T17:09:49.473177,350134.44297584705,0.20392636718064833,Active,0.7226137764534577,Unsecured
128,ACC_00000128,Loan_128,7,4,10,CUST_000285,2024-10-08T17:09:49.473177,236568.3309731657,0.13934460246747707,Active,0.8100919719560304,Building
129,ACC_00000129,Loan_129,7,4,11,CUST_000404,2026-04-16T17:09:49.473177,212947.11597977288,0.15900669823255992,Active,0.3138976960791771,Unsecured
130,ACC_00000130,Loan_130,7,4,11,CUST_000364,2025-07-12T17:09:49.473177,57542.853054197505,0.19303368013483546,Active,0.31967340904790104,Equipment
131,ACC_00000131,Loan_131,7,4,11,CUST_000287,2024-12-15T17:09:49.473177,382390.01144608663,0.1712823781069506,Defaulted,0.7386273218174271,Unsecured
132,ACC_00000132,Loan_132,7,4,11,CUST_000095,2025-06-14T17:09:49.473177,465550.41972506343,0.2079185144409021,Closed,0.7455730375831148,Land
133,ACC_00000133,Loan_133,7,4,11,CUST_000243,2025-12-27T17:09:49.473177,42362.110562079055,0.19328729806211642,Active,0.31859093494989393,Unsecured
134,ACC_00000134,Loan_134,7,4,11,CUST_000417,2025-06-05T17:09:49.473177,325178.2526902745,0.15377962563703584,Active,0.4623478239460894,Unsecured
135,ACC_00000135,Loan_135,7,4,10,CUST_000053,2025-03-27T17:09:49.473177,406238.0242329624,0.0872963198481086,Closed,0.6752058669157687,Land
136,ACC_00000136,Loan_136,7,4,11,CUST_000392,2026-01-29T17:09:49.473177,464120.6098783124,0.15684206480540008,Active,0.5834642144505231,Building
137,ACC_00000137,Loan_137,7,4,10,CUST_000200,2025-05-04T17:09:49.473177,47409.726976522325,0.17398837464033357,Active,0.6939599948394054,Unsecured
138,ACC_00000138,Loan_138,7,4,11,CUST_000133,2025-05-08T17:09:49.480719,9773.094097053774,0.06553928647129324,Active,0.8333293236873569,Land
139,ACC_00000139,Loan_139,7,4,12,CUST_000010,2025-01-24T17:09:49.480719,83405.96772410517,0.054812990521695776,Active,0.483056556690592,Building
140,ACC_00000140,Loan_140,7,4,11,CUST_000016,2025-08-27T17:09:49.480719,386243.127416298,0.09188683808579788,Active,0.4555829144945508,Building
141,ACC_00000141,Loan_141,8,4,12,CUST_000333,2025-04-23T17:09:49.480719,179973.5268384066,0.1242461138145295,Active,0.4385775042304634,Building
142,ACC_00000142,Loan_142,8,4,10,CUST_000208,2025-01-21T17:09:49.483847,227983.69660695732,0.1584835623789323,Closed,0.5255115814919474,Building
143,ACC_00000143,Loan_143,8,4,11,CUST_000086,2025-01-31T17:09:49.483847,54852.747977650695,0.1530508976715501,Active,0.5496109970473322,Building
144,ACC_00000144,Loan_144,8,4,12,CUST_000122,2026-01-14T17:09:49.483847,175838.31840653621,0.13408960070635406,Closed,0.7547582603109808,Building
145,ACC_00000145,Loan_145,8,4,11,CUST_000404,2024-06-14T17:09:49.483847,253312.16604764672,0.15039639551086215,Active,0.7262471162300479,Unsecured
146,ACC_00000146,Loan_146,8,4,12,CUST_000340,2026-03-05T17:09:49.483847,220021.41808370326,0.20786003496523897,Active,0.31988172384965974,Equipment
147,ACC_00000147,Loan_147,8,4,11,CUST_000046,2024-09-12T17:09:49.483847,211167.41412296778,0.15792881294266875,Closed,0.5953404590702953,Unsecured
148,ACC_00000148,Loan_148,8,4,11,CUST_000484,2025-10-27T17:09:49.483847,441748.73942892207,0.2283527481511337,Active,0.7672210270761273,Building
149,ACC_00000149,Loan_149,8,4,12,CUST_000040,2025-07-23T17:09:49.483847,167472.50428302548,0.1933247794891153,Closed,0.3829749710392282,Equipment
150,ACC_00000150,Loan_150,8,4,11,CUST_000140,2024-09-26T17:09:49.483847,123627.43754788316,0.1191241214775538,Closed,0.4307430473335949,Equipment
151,ACC_00000151,Loan_151,8,4,12,CUST_000036,2026-01-11T17:09:49.483847,483667.8647205506,0.2052011912577963,Active,0.5530635640274463,Equipment
152,ACC_00000152,Loan_152,8,4,12,CUST_000110,2025-01-15T17:09:49.483847,386300.4586887017,0.08816507128148306,Active,0.7187667219930065,Building
153,ACC_00000153,Loan_153,8,4,11,CUST_000340,2025-04-17T17:09:49.483847,110730.70800138588,0.1342660227597648,Closed,0.599697692204938,Building
154,ACC_00000154,Loan_154,8,4,12,CUST_000239,2025-05-05T17:09:49.483847,492536.96621557634,0.11840748380160937,Active,0.3551215635871702,Land
155,ACC_00000155,Loan_155,8,4,12,CUST_000255,2025-08-15T17:09:49.483847,37931.99834412587,0.07955782458585613,Active,0.42154217695873863,Building
156,ACC_00000156,Loan_156,8,4,12,CUST_000109,2025-02-10T17:09:49.483847,336214.1103686523,0.16580174476797122,Active,0.8795978558613806,Building
157,ACC_00000157,Loan_157,8,4,11,CUST_000447,2025-04-06T17:09:49.496515,262644.5028569503,0.19505671546982783,Active,0.8120056800078943,Land
158,ACC_00000158,Loan_158,8,4,11,CUST_000273,2025-10-21T17:09:49.500058,76961.76612349803,0.24061578111672505,Active,0.583353650256137,Equipment
159,ACC_00000159,Loan_159,8,4,11,CUST_000149,2024-10-23T17:09:49.500058,94005.14135392959,0.10966813438382364,Active,0.6492014773685811,Building
160,ACC_00000160,Loan_160,8,4,12,CUST_000439,2026-03-19T17:09:49.504723,355520.4910353744,0.16429542364781663,Active,0.40117550668119695,Equipment
161,ACC_00000161,Loan_161,9,5,14,CUST_000402,2025-06-14T17:09:49.542037,219754.38329727823,0.05005395307257872,Closed,0.625148827221949,Building
162,ACC_00000162,Loan_162,9,5,13,CUST_000421,2024-05-21T17:09:49.543619,195280.65220150867,0.0750404895661357,Active,0.857203174357668,Building
163,ACC_00000163,Loan_163,9,5,15,CUST_000285,2025-06-23T17:09:49.546748,165872.56867798066,0.1195443620987054,Active,0.7869785263560313,Land
164,ACC_00000164,Loan_164,9,5,13,CUST_000012,2024-05-22T17:09:49.548753,163796.9399513976,0.13833979232481344,Closed,0.6957578167998226,Unsecured
165,ACC_00000165,Loan_165,9,5,15,CUST_000232,2024-09-26T17:09:49.550234,169565.7402423291,0.209633316617231,Active,0.5147341591173803,Land
166,ACC_00000166,Loan_166,9,5,15,CUST_000388,2025-04-16T17:09:49.553692,29786.73911312208,0.213959667779952,Active,0.832961096894842,Equipment
167,ACC_00000167,Loan_167,9,5,14,CUST_000172,2024-07-17T17:09:49.556316,59396.15127560623,0.18236393573003468,Active,0.8587477065826241,Land
168,ACC_00000168,Loan_168,9,5,14,CUST_000050,2026-02-17T17:09:49.559393,69610.56679725292,0.10889825373500205,Active,0.4024019251943599,Building
169,ACC_00000169,Loan_169,9,5,14,CUST_000467,2026-03-09T17:09:49.561015,361458.2082526551,0.07905926431403319,Active,0.3098486795433862,Building
170,ACC_00000170,Loan_170,9,5,14,CUST_000071,2026-02-26T17:09:49.561015,17875.771014180275,0.2341017743007987,Active,0.3937903593520876,Unsecured
171,ACC_00000171,Loan_171,9,5,13,CUST_000357,2025-07-25T17:09:49.561015,169364.33731254673,0.18793676957759037,Closed,0.7899832144034202,Unsecured
172,ACC_00000172,Loan_172,9,5,13,CUST_000129,2024-07-22T17:09:49.563023,110605.2867142438,0.11435783010084062,Closed,0.41838029588371595,Equipment
173,ACC_00000173,Loan_173,9,5,14,CUST_000001,2025-12-07T17:09:49.563023,111433.43363268118,0.1503406435012669,Active,0.8148386082827623,Land
174,ACC_00000174,Loan_174,9,5,13,CUST_000415,2025-10-10T17:09:49.565030,203288.97709966174,0.13138526808647094,Active,0.3142128682818429,Building
175,ACC_00000175,Loan_175,9,5,15,CUST_000492,2024-10-14T17:09:49.565030,486443.24660557223,0.07176408807619282,Restructured,0.4339915661876268,Unsecured
176,ACC_00000176,Loan_176,9,5,14,CUST_000381,2024-10-19T17:09:49.567351,427929.6821676706,0.08477801191211312,Active,0.6607857863727375,Unsecured
177,ACC_00000177,Loan_177,9,5,15,CUST_000022,2026-01-28T17:09:49.568766,343238.66799259285,0.21030643763100448,Closed,0.43181714905192137,Building
178,ACC_00000178,Loan_178,9,5,14,CUST_000126,2025-07-04T17:09:49.568766,291192.1148678677,0.10727540804194924,Closed,0.8061879324058645,Building
179,ACC_00000179,Loan_179,9,5,13,CUST_000113,2024-11-30T17:09:49.568766,198030.95910542895,0.21707817308230953,Active,0.7401914749227652,Building
180,ACC_00000180,Loan_180,9,5,15,CUST_000305,2025-03-06T17:09:49.568766,132200.0440748592,0.11621196435160326,Closed,0.7819728348574219,Land
181,ACC_00000181,Loan_181,10,5,13,CUST_000431,2025-02-23T17:09:49.568766,154886.17950421508,0.12438178176546162,Restructured,0.46052027613281776,Equipment
182,ACC_00000182,Loan_182,10,5,15,CUST_000348,2024-06-04T17:09:49.568766,419424.92841547186,0.1452531144764227,Active,0.6546234163151042,Unsecured
183,ACC_00000183,Loan_183,10,5,14,CUST_000315,2024-07-05T17:09:49.573179,212787.75993920016,0.0626291879396021,Active,0.457314952089786,Land
184,ACC_00000184,Loan_184,10,5,14,CUST_000321,2025-05-16T17:09:49.573179,117030.59238019715,0.19642213784709378,Active,0.4236741146888501,Equipment
185,ACC_00000185,Loan_185,10,5,15,CUST_000330,2026-03-22T17:09:49.573179,440550.6937867705,0.11204258569425714,Active,0.8428952829185978,Equipment
186,ACC_00000186,Loan_186,10,5,13,CUST_000313,2025-06-22T17:09:49.573179,433959.86441098095,0.14504198679420743,Closed,0.8100521062291832,Unsecured
187,ACC_00000187,Loan_187,10,5,13,CUST_000021,2026-01-17T17:09:49.573179,101725.24496138924,0.12688776794892365,Active,0.32322068843428536,Land
188,ACC_00000188,Loan_188,10,5,15,CUST_000322,2024-08-09T17:09:49.573179,157225.32374834095,0.0519622959105831,Active,0.6605145132788288,Land
189,ACC_00000189,Loan_189,10,5,14,CUST_000178,2025-04-26T17:09:49.573179,33474.08618934304,0.20131125869699212,Active,0.7330789147914742,Land
190,ACC_00000190,Loan_190,10,5,13,CUST_000073,2024-06-14T17:09:49.573179,235663.64209956696,0.1781107699205231,Defaulted,0.8322972145688254,Land
191,ACC_00000191,Loan_191,10,5,13,CUST_000241,2026-01-10T17:09:49.573179,480513.9785976235,0.07456324378257251,Active,0.6444038765163987,Land
192,ACC_00000192,Loan_192,10,5,13,CUST_000305,2025-11-09T17:09:49.578707,93421.92984881529,0.2171960604953604,Restructured,0.6326499432150354,Unsecured
193,ACC_00000193,Loan_193,10,5,14,CUST_000409,2025-09-12T17:09:49.578707,351982.233015911,0.18217837929544667,Active,0.5572486457349304,Unsecured
194,ACC_00000194,Loan_194,10,5,13,CUST_000273,2024-12-12T17:09:49.578707,487957.29487403727,0.053479866710499736,Active,0.7181383235496002,Equipment
195,ACC_00000195,Loan_195,10,5,13,CUST_000305,2025-06-19T17:09:49.578707,460726.77876686736,0.12938898897863277,Restructured,0.7059773583065092,Unsecured
196,ACC_00000196,Loan_196,10,5,14,CUST_000144,2025-07-10T17:09:49.578707,333284.40446788183,0.23575223050295535,Active,0.8707498640467108,Unsecured
197,ACC_00000197,Loan_197,10,5,15,CUST_000072,2024-12-26T17:09:49.578707,43574.36957860394,0.09832630223360694,Active,0.8357942387634951,Equipment
198,ACC_00000198,Loan_198,10,5,15,CUST_000002,2024-10-10T17:09:49.578707,489038.34467110183,0.21943904063293185,Defaulted,0.6329633318750254,Unsecured
199,ACC_00000199,Loan_199,10,5,13,CUST_000400,2025-08-02T17:09:49.578707,412638.66182566184,0.08151588059042614,Active,0.7853515727603768,Equipment
200,ACC_00000200,Loan_200,10,5,13,CUST_000038,2024-11-03T17:09:49.578707,460264.54335057817,0.24754662170459968,Defaulted,0.7401166356644725,Land
201,ACC_00000201,Loan_201,11,6,17,CUST_000017,2025-01-25T17:09:49.578707,18383.069529312175,0.2284018342845332,Active,0.6677382457225471,Equipment
202,ACC_00000202,Loan_202,11,6,17,CUST_000447,2024-10-25T17:09:49.578707,90300.49975397564,0.1257393371567621,Active,0.43292003620303876,Unsecured
203,ACC_00000203,Loan_203,11,6,16,CUST_000437,2025-01-16T17:09:49.578707,186086.5517121246,0.22211950362942756,Defaulted,0.5943701920682464,Equipment
204,ACC_00000204,Loan_204,11,6,16,CUST_000144,2026-02-09T17:09:49.578707,160961.51403389862,0.18436600942319753,Defaulted,0.6113869826453648,Unsecured
205,ACC_00000205,Loan_205,11,6,17,CUST_000131,2025-08-07T17:09:49.578707,409602.9294405321,0.14275132964320825,Active,0.5993326861054906,Building
206,ACC_00000206,Loan_206,11,6,17,CUST_000178,2025-11-25T17:09:49.578707,452422.8500810706,0.09774274798383437,Active,0.33413679803984087,Equipment
207,ACC_00000207,Loan_207,11,6,17,CUST_000261,2024-12-21T17:09:49.578707,428778.5856353158,0.11069140581788035,Active,0.4163013968111103,Land
208,ACC_00000208,Loan_208,11,6,16,CUST_000347,2024-05-30T17:09:49.578707,235260.4222113988,0.1771908680699002,Active,0.718241566423189,Land
209,ACC_00000209,Loan_209,11,6,18,CUST_000480,2024-06-27T17:09:49.578707,386351.3899034746,0.07474487345420307,Active,0.4024214029066689,Building
210,ACC_00000210,Loan_210,11,6,17,CUST_000196,2025-10-29T17:09:49.578707,117669.32458493875,0.1768863602185603,Active,0.3724159647305957,Unsecured
211,ACC_00000211,Loan_211,11,6,16,CUST_000168,2024-06-10T17:09:49.578707,483517.7698591532,0.1146974369072949,Active,0.5022242672468158,Unsecured
212,ACC_00000212,Loan_212,11,6,18,CUST_000057,2024-11-08T17:09:49.578707,478342.590279249,0.22881523235825924,Active,0.4862303184925507,Building
213,ACC_00000213,Loan_213,11,6,17,CUST_000390,2024-06-27T17:09:49.578707,474414.4665496323,0.06658671147208442,Closed,0.5129562825525473,Land
214,ACC_00000214,Loan_214,11,6,17,CUST_000108,2026-03-12T17:09:49.594846,463736.9899891625,0.19791379135765624,Defaulted,0.3061312570708193,Unsecured
215,ACC_00000215,Loan_215,11,6,17,CUST_000156,2025-06-01T17:09:49.594846,100699.61238811306,0.23145996575007644,Active,0.6332219114228551,Unsecured
216,ACC_00000216,Loan_216,11,6,16,CUST_000162,2025-08-26T17:09:49.594846,195823.09161074908,0.11152659698892523,Active,0.3927093234714793,Land
217,ACC_00000217,Loan_217,11,6,16,CUST_000015,2024-07-29T17:09:49.594846,463822.5954450786,0.23324973183874076,Active,0.4809164473213614,Land
218,ACC_00000218,Loan_218,11,6,16,CUST_000207,2026-03-27T17:09:49.594846,335429.9335385951,0.18394123075004248,Active,0.5337985684569084,Building
219,ACC_00000219,Loan_219,11,6,18,CUST_000057,2024-11-17T17:09:49.594846,342766.55712842505,0.16478279363042408,Active,0.8627666999925423,Building
220,ACC_00000220,Loan_220,11,6,17,CUST_000093,2025-10-05T17:09:49.594846,246082.2278726381,0.2429663736603106,Active,0.49522040893307084,Equipment
221,ACC_00000221,Loan_221,12,6,18,CUST_000388,2025-03-24T17:09:49.594846,332029.48211793375,0.11557683850437682,Active,0.6737674266158884,Building
222,ACC_00000222,Loan_222,12,6,17,CUST_000190,2026-02-15T17:09:49.600484,396541.0735162737,0.08403259487433504,Active,0.8738528566589425,Land
223,ACC_00000223,Loan_223,12,6,17,CUST_000197,2025-12-18T17:09:49.600484,485109.4452969589,0.16949063979150997,Closed,0.38114636235976695,Unsecured
224,ACC_00000224,Loan_224,12,6,17,CUST_000118,2025-04-19T17:09:49.600484,413116.67712499783,0.18386095717745804,Active,0.501311399843577,Unsecured
225,ACC_00000225,Loan_225,12,6,16,CUST_000182,2024-07-14T17:09:49.600484,418876.11564617994,0.20919302334497097,Active,0.6998490065216165,Land
226,ACC_00000226,Loan_226,12,6,16,CUST_000013,2026-04-07T17:09:49.603155,114656.82074459193,0.13983919442490372,Defaulted,0.471403558455872,Building
227,ACC_00000227,Loan_227,12,6,17,CUST_000302,2024-10-21T17:09:49.603155,183553.91669769332,0.21936915328180645,Active,0.7391459174532846,Unsecured
228,ACC_00000228,Loan_228,12,6,16,CUST_000097,2024-12-15T17:09:49.603155,261201.79240734744,0.18561020011956458,Defaulted,0.7080929331760037,Unsecured
229,ACC_00000229,Loan_229,12,6,17,CUST_000446,2025-02-26T17:09:49.603155,436774.9458634986,0.05947640331188375,Closed,0.6864981796088213,Building
230,ACC_00000230,Loan_230,12,6,18,CUST_000248,2025-07-20T17:09:49.603155,221886.7467007271,0.20402557070624888,Active,0.8995997525250081,Building
231,ACC_00000231,Loan_231,12,6,17,CUST_000262,2024-08-13T17:09:49.603155,474178.42438661377,0.07178565607181758,Active,0.7898382339744701,Land
232,ACC_00000232,Loan_232,12,6,17,CUST_000469,2025-07-07T17:09:49.603155,334534.4748868431,0.16610412538855163,Restructured,0.6251028785850403,Unsecured
233,ACC_00000233,Loan_233,12,6,17,CUST_000198,2024-09-15T17:09:49.603155,70634.77245124496,0.10738703240882566,Active,0.3755133630860781,Land
234,ACC_00000234,Loan_234,12,6,17,CUST_000385,2024-11-15T17:09:49.603155,317364.56951962877,0.20133039518612544,Active,0.5578547041357095,Building
235,ACC_00000235,Loan_235,12,6,17,CUST_000198,2024-06-05T17:09:49.603155,142779.79440416265,0.08079660292792135,Active,0.46613013263297237,Land
236,ACC_00000236,Loan_236,12,6,18,CUST_000488,2026-02-22T17:09:49.603155,253858.97573165668,0.0701984333642764,Active,0.4335376810042221,Land
237,ACC_00000237,Loan_237,12,6,16,CUST_000218,2025-05-17T17:09:49.603155,313794.58022024814,0.0860856672010479,Restructured,0.5524230365733696,Building
238,ACC_00000238,Loan_238,12,6,18,CUST_000176,2026-03-02T17:09:49.603155,50966.92724636215,0.19296801479821696,Active,0.5628134138815963,Land
239,ACC_00000239,Loan_239,12,6,18,CUST_000323,2025-12-22T17:09:49.611274,412643.6797242801,0.07009151614472973,Restructured,0.3957441203965193,Building
240,ACC_00000240,Loan_240,12,6,18,CUST_000063,2025-12-29T17:09:49.611274,255556.71178945154,0.2011087133881042,Restructured,0.3973284738219226,Building
241,ACC_00000241,Loan_241,13,7,20,CUST_000358,2025-11-02T17:09:49.613285,185316.19550697194,0.1958091728749295,Active,0.7948913045568897,Land
242,ACC_00000242,Loan_242,13,7,20,CUST_000166,2024-09-27T17:09:49.613285,433256.79369881866,0.20023842589819824,Active,0.5046799213750942,Unsecured
243,ACC_00000243,Loan_243,13,7,21,CUST_000278,2024-07-18T17:09:49.613285,100507.56493176233,0.10782088458244787,Closed,0.5148055405712938,Building
244,ACC_00000244,Loan_244,13,7,19,CUST_000087,2024-06-28T17:09:49.615297,464939.5101134578,0.06086041916334935,Restructured,0.5442320221477155,Unsecured
245,ACC_00000245,Loan_245,13,7,19,CUST_000069,2025-01-27T17:09:49.616884,283736.1160399032,0.2447966913806916,Active,0.8361181002017324,Equipment
246,ACC_00000246,Loan_246,13,7,19,CUST_000135,2024-10-21T17:09:49.616884,95636.66923953353,0.1581639719864293,Active,0.5455693123867348,Land
247,ACC_00000247,Loan_247,13,7,20,CUST_000157,2024-07-05T17:09:49.616884,195932.79343326268,0.1704339577899251,Active,0.7064710177132574,Unsecured
248,ACC_00000248,Loan_248,13,7,19,CUST_000323,2025-09-09T17:09:49.616884,266770.18788092467,0.1513729801567835,Active,0.7482393575733233,Land
249,ACC_00000249,Loan_249,13,7,20,CUST_000489,2025-07-14T17:09:49.619498,132440.24985454942,0.20783511208289063,Closed,0.4277825148981903,Equipment
250,ACC_00000250,Loan_250,13,7,19,CUST_000132,2024-10-18T17:09:49.619498,284542.7691709916,0.20050417675872995,Active,0.8357586069970515,Equipment
251,ACC_00000251,Loan_251,13,7,20,CUST_000304,2025-04-14T17:09:49.619498,381482.5864875476,0.22537318460441008,Closed,0.6265842049236695,Building
252,ACC_00000252,Loan_252,13,7,19,CUST_000241,2025-02-04T17:09:49.619498,280117.79020830645,0.16103143723954666,Active,0.4014644546964494,Land
253,ACC_00000253,Loan_253,13,7,19,CUST_000118,2024-08-11T17:09:49.619498,201557.8759798293,0.2281750279016801,Active,0.5747266137886178,Equipment
254,ACC_00000254,Loan_254,13,7,20,CUST_000360,2025-03-21T17:09:49.619498,303829.7673385187,0.19150423496177776,Closed,0.8867264380796693,Unsecured
255,ACC_00000255,Loan_255,13,7,20,CUST_000115,2025-05-01T17:09:49.619498,258516.9375728355,0.2488256548115666,Active,0.6311893660788652,Land
256,ACC_00000256,Loan_256,13,7,21,CUST_000202,2025-10-28T17:09:49.619498,198333.01586449976,0.08623374371060528,Active,0.39283386500903084,Unsecured
257,ACC_00000257,Loan_257,13,7,19,CUST_000465,2025-09-01T17:09:49.619498,289570.21490298526,0.08457762110772465,Closed,0.3841293518495985,Unsecured
258,ACC_00000258,Loan_258,13,7,21,CUST_000418,2026-04-08T17:09:49.619498,371669.30481882975,0.10609599073393794,Closed,0.6818470305968942,Building
259,ACC_00000259,Loan_259,13,7,20,CUST_000186,2025-01-08T17:09:49.619498,191027.9772996606,0.06037434063591984,Active,0.7586055768799842,Land
260,ACC_00000260,Loan_260,13,7,20,CUST_000108,2025-04-15T17:09:49.619498,481457.88031136926,0.09237410315719896,Active,0.485165460787915,Unsecured
261,ACC_00000261,Loan_261,14,7,19,CUST_000139,2025-08-09T17:09:49.619498,194713.75986380456,0.09648972674071779,Active,0.5471059950376331,Building
262,ACC_00000262,Loan_262,14,7,20,CUST_000018,2025-06-11T17:09:49.627664,462608.1965898351,0.22053185050798257,Active,0.3801805716208633,Equipment
263,ACC_00000263,Loan_263,14,7,19,CUST_000436,2024-07-06T17:09:49.627664,124607.20630685685,0.07736374789227703,Active,0.8312414484147983,Building
264,ACC_00000264,Loan_264,14,7,19,CUST_000307,2025-12-20T17:09:49.627664,345201.84555041743,0.1708090115239801,Active,0.8165287963249526,Building
265,ACC_00000265,Loan_265,14,7,20,CUST_000139,2025-05-27T17:09:49.627664,459200.9035676073,0.2381250458106305,Active,0.8284538137531234,Building
266,ACC_00000266,Loan_266,14,7,20,CUST_000170,2025-11-11T17:09:49.627664,288373.70479752286,0.2302446790463764,Active,0.4447150706363121,Land
267,ACC_00000267,Loan_267,14,7,20,CUST_000424,2024-12-07T17:09:49.627664,495502.6886771521,0.23073992085199874,Active,0.8580072590435517,Building
268,ACC_00000268,Loan_268,14,7,20,CUST_000161,2026-02-01T17:09:49.627664,162845.51801014302,0.2445220293434785,Active,0.8569760257985448,Unsecured
269,ACC_00000269,Loan_269,14,7,21,CUST_000200,2025-03-07T17:09:49.627664,7452.279282691599,0.2406700224338647,Closed,0.8072295522445398,Equipment
270,ACC_00000270,Loan_270,14,7,21,CUST_000208,2025-03-23T17:09:49.633240,339538.6873915798,0.06402673990340178,Active,0.6122109185475435,Building
271,ACC_00000271,Loan_271,14,7,19,CUST_000198,2026-02-26T17:09:49.633240,258365.41049399297,0.12314358823614245,Active,0.7354506007055788,Equipment
272,ACC_00000272,Loan_272,14,7,21,CUST_000269,2026-01-04T17:09:49.633240,150391.24284881,0.14294694231346933,Active,0.4373612042202888,Equipment
273,ACC_00000273,Loan_273,14,7,21,CUST_000438,2026-01-11T17:09:49.633240,90602.29554343471,0.17950333370661536,Active,0.6921211850218898,Unsecured
274,ACC_00000274,Loan_274,14,7,19,CUST_000224,2025-07-14T17:09:49.633240,480431.2651400851,0.09507243441603681,Active,0.7642376227551664,Equipment
275,ACC_00000275,Loan_275,14,7,19,CUST_000398,2026-01-01T17:09:49.633240,289609.03000557737,0.1363719746557014,Restructured,0.4916859195012786,Building
276,ACC_00000276,Loan_276,14,7,21,CUST_000325,2025-07-14T17:09:49.633240,251885.90139500104,0.08202307589116056,Defaulted,0.7807286288144359,Land
277,ACC_00000277,Loan_277,14,7,20,CUST_000092,2025-04-17T17:09:49.633240,112607.84171272928,0.11151509514487717,Active,0.7746087203983312,Equipment
278,ACC_00000278,Loan_278,14,7,20,CUST_000330,2025-06-20T17:09:49.633240,167781.81633523264,0.19592022286139338,Defaulted,0.8121620307056521,Building
279,ACC_00000279,Loan_279,14,7,20,CUST_000481,2024-11-16T17:09:49.633240,187182.6390144309,0.10678823565961965,Active,0.5601151166343531,Building
280,ACC_00000280,Loan_280,14,7,19,CUST_000023,2024-08-30T17:09:49.633240,392658.9839562298,0.09911588102715196,Active,0.7326207768645869,Building
281,ACC_00000281,Loan_281,15,8,24,CUST_000214,2025-08-12T17:09:49.633240,437701.87949482,0.20871553157760442,Active,0.734946249729384,Unsecured
282,ACC_00000282,Loan_282,15,8,24,CUST_000155,2026-03-18T17:09:49.633240,226248.1114068486,0.17876581792271845,Active,0.3821699088036095,Building
283,ACC_00000283,Loan_283,15,8,22,CUST_000411,2026-03-30T17:09:49.633240,50121.096196081235,0.09038738481857322,Active,0.7086048878945136,Building
284,ACC_00000284,Loan_284,15,8,22,CUST_000212,2024-06-27T17:09:49.633240,11152.384213210882,0.14482903197694796,Closed,0.8439644982530548,Land
285,ACC_00000285,Loan_285,15,8,24,CUST_000366,2024-09-26T17:09:49.633240,486547.6201328941,0.06478673930632717,Active,0.7749834383656637,Land
286,ACC_00000286,Loan_286,15,8,22,CUST_000033,2024-10-28T17:09:49.643834,98483.47617950177,0.20039984259378762,Active,0.4624841056495112,Building
287,ACC_00000287,Loan_287,15,8,23,CUST_000290,2026-04-18T17:09:49.643834,18659.130685172226,0.09247540632966333,Active,0.45374762846148137,Unsecured
288,ACC_00000288,Loan_288,15,8,23,CUST_000130,2025-02-11T17:09:49.643834,65598.64574830179,0.17909678284706199,Active,0.49158460819314004,Unsecured
289,ACC_00000289,Loan_289,15,8,24,CUST_000017,2025-03-07T17:09:49.643834,265427.02476119366,0.12946859421602008,Restructured,0.5492005583172396,Equipment
290,ACC_00000290,Loan_290,15,8,23,CUST_000255,2025-06-20T17:09:49.643834,352523.0727478998,0.23979034315335224,Closed,0.4375622098781523,Unsecured
291,ACC_00000291,Loan_291,15,8,22,CUST_000304,2025-06-29T17:09:49.643834,266725.3478797239,0.21222150763450182,Active,0.5100217321047765,Unsecured
292,ACC_00000292,Loan_292,15,8,24,CUST_000298,2025-10-26T17:09:49.643834,424542.3381614473,0.058073597777372955,Active,0.37575130862450923,Equipment
293,ACC_00000293,Loan_293,15,8,24,CUST_000469,2025-09-06T17:09:49.650860,496572.03086744953,0.1560621253037651,Active,0.4516471136498369,Building
294,ACC_00000294,Loan_294,15,8,24,CUST_000055,2026-04-18T17:09:49.650860,86834.23379852617,0.12957358939870828,Active,0.5945375862883135,Unsecured
295,ACC_00000295,Loan_295,15,8,22,CUST_000163,2025-01-08T17:09:49.652014,37037.59545196455,0.08003674956557179,Defaulted,0.3185309340989014,Land
296,ACC_00000296,Loan_296,15,8,22,CUST_000055,2024-09-29T17:09:49.652014,173053.9603532913,0.14893664583085647,Active,0.88897748515173,Land
297,ACC_00000297,Loan_297,15,8,22,CUST_000142,2025-01-24T17:09:49.652014,218642.1984587274,0.2195109823295539,Restructured,0.48481177949204196,Unsecured
298,ACC_00000298,Loan_298,15,8,22,CUST_000265,2024-12-26T17:09:49.652014,135409.68620339682,0.2350894659640952,Active,0.5623069903330983,Equipment
299,ACC_00000299,Loan_299,15,8,24,CUST_000407,2024-07-03T17:09:49.652014,237741.69651058354,0.05812379796136829,Closed,0.8684751530217518,Equipment
300,ACC_00000300,Loan_300,15,8,22,CUST_000352,2025-08-09T17:09:49.652014,346104.6673981402,0.08090711556501713,Active,0.48725022163228526,Unsecured
301,ACC_00000301,Loan_301,16,8,22,CUST_000490,2025-05-24T17:09:49.652014,402572.8010078093,0.1471438793125665,Active,0.41077315664733477,Equipment
302,ACC_00000302,Loan_302,16,8,24,CUST_000438,2025-05-22T17:09:49.652014,204342.45285302523,0.1654733234908408,Active,0.30440841934165924,Land
303,ACC_00000303,Loan_303,16,8,23,CUST_000113,2025-09-19T17:09:49.652014,43206.06445810016,0.08160367153220299,Active,0.5667080476805326,Equipment
304,ACC_00000304,Loan_304,16,8,24,CUST_000080,2025-12-26T17:09:49.652014,459078.685721773,0.24733907106169173,Closed,0.5332362423954073,Unsecured
305,ACC_00000305,Loan_305,16,8,23,CUST_000492,2025-03-07T17:09:49.652014,157755.36037401104,0.10980460967972566,Defaulted,0.3099894029394072,Land
306,ACC_00000306,Loan_306,16,8,22,CUST_000144,2025-07-08T17:09:49.652014,438182.08775553654,0.1701098426594047,Closed,0.3280507986219217,Unsecured
307,ACC_00000307,Loan_307,16,8,23,CUST_000007,2024-08-27T17:09:49.660986,352377.93612753623,0.2319093297403736,Active,0.5548482921509619,Unsecured
308,ACC_00000308,Loan_308,16,8,22,CUST_000376,2025-01-20T17:09:49.660986,426732.4698789352,0.1294598789251854,Restructured,0.6213249720523201,Building
309,ACC_00000309,Loan_309,16,8,24,CUST_000462,2025-10-06T17:09:49.662088,275332.2614010857,0.24609477272042207,Active,0.3662361255259634,Equipment
310,ACC_00000310,Loan_310,16,8,24,CUST_000064,2026-01-23T17:09:49.662088,128932.69192762887,0.05423716672971551,Active,0.44675722174921906,Unsecured
311,ACC_00000311,Loan_311,16,8,24,CUST_000082,2024-10-08T17:09:49.662088,238017.65041884955,0.05966483027644598,Active,0.5325890495798229,Building
312,ACC_00000312,Loan_312,16,8,22,CUST_000307,2026-01-10T17:09:49.662088,339222.3482436628,0.24205615839445555,Closed,0.8875473569917902,Equipment
313,ACC_00000313,Loan_313,16,8,22,CUST_000444,2025-12-15T17:09:49.662088,39268.908873318105,0.08530155422633612,Defaulted,0.4908736076477106,Land
314,ACC_00000314,Loan_314,16,8,23,CUST_000082,2024-08-13T17:09:49.662088,54466.04381346551,0.09363064120230276,Active,0.36490942547547234,Equipment
315,ACC_00000315,Loan_315,16,8,24,CUST_000209,2025-12-05T17:09:49.666552,157332.5181072744,0.1763859290369984,Active,0.7972321929241132,Land
316,ACC_00000316,Loan_316,16,8,24,CUST_000009,2024-12-06T17:09:49.666552,180767.73597941696,0.2397752202048909,Active,0.7152430000406453,Equipment
317,ACC_00000317,Loan_317,16,8,23,CUST_000437,2026-02-10T17:09:49.666552,226992.10380095546,0.1766109734104615,Active,0.613885763388144,Land
318,ACC_00000318,Loan_318,16,8,24,CUST_000244,2025-08-13T17:09:49.668579,147937.116835808,0.13805545443181966,Active,0.588496432440127,Equipment
319,ACC_00000319,Loan_319,16,8,23,CUST_000075,2025-11-23T17:09:49.668579,261864.33115628862,0.09972204271912635,Active,0.48019160743883094,Equipment
320,ACC_00000320,Loan_320,16,8,24,CUST_000078,2024-12-13T17:09:49.668579,34533.71991721737,0.14695081626912576,Active,0.8672227351175761,Building
321,ACC_00000321,Loan_321,17,9,25,CUST_000183,2024-08-08T17:09:49.668579,183470.69816711298,0.21011583310786242,Active,0.5703633914758992,Equipment
322,ACC_00000322,Loan_322,17,9,26,CUST_000073,2025-08-25T17:09:49.668579,342533.4627586476,0.22236327549735485,Active,0.7997085149074556,Building
323,ACC_00000323,Loan_323,17,9,26,CUST_000416,2025-07-22T17:09:49.668579,444609.20742820785,0.0888906570538747,Active,0.3549997421669547,Land
324,ACC_00000324,Loan_324,17,9,26,CUST_000460,2025-10-11T17:09:49.673505,179462.48464185648,0.0814017267724717,Active,0.8753168964313054,Unsecured
325,ACC_00000325,Loan_325,17,9,27,CUST_000036,2025-05-25T17:09:49.673505,5482.03021932853,0.22387135755209203,Closed,0.738637385934847,Land
326,ACC_00000326,Loan_326,17,9,27,CUST_000066,2024-09-05T17:09:49.673505,368638.72779365146,0.09999922897544454,Active,0.8965848352937213,Equipment
327,ACC_00000327,Loan_327,17,9,27,CUST_000344,2025-12-22T17:09:49.673505,47662.648773352565,0.1352589628894183,Closed,0.3854790905668973,Equipment
328,ACC_00000328,Loan_328,17,9,26,CUST_000159,2025-04-16T17:09:49.673505,387105.25502918044,0.16059419141857623,Active,0.8395032534198554,Building
329,ACC_00000329,Loan_329,17,9,26,CUST_000232,2024-09-02T17:09:49.673505,36174.61721515754,0.056321759521329985,Closed,0.6371808295138638,Unsecured
330,ACC_00000330,Loan_330,17,9,26,CUST_000437,2025-04-21T17:09:49.677139,138159.23096372516,0.14442978178976787,Active,0.5632113681741502,Unsecured
331,ACC_00000331,Loan_331,17,9,26,CUST_000496,2025-10-16T17:09:49.677139,21432.63233984837,0.05295017148952783,Active,0.6879892953879306,Equipment
332,ACC_00000332,Loan_332,17,9,27,CUST_000454,2026-03-23T17:09:49.677139,497928.24916897883,0.21816528506218996,Active,0.7203437416395007,Land
333,ACC_00000333,Loan_333,17,9,27,CUST_000344,2025-09-20T17:09:49.677139,139230.862708055,0.15945195654217903,Defaulted,0.47322085400393976,Building
334,ACC_00000334,Loan_334,17,9,25,CUST_000207,2025-10-24T17:09:49.677139,277675.7280785255,0.21947267410109883,Defaulted,0.64966089396568,Equipment
335,ACC_00000335,Loan_335,17,9,26,CUST_000280,2025-02-10T17:09:49.677139,409243.1562301283,0.153959180731379,Active,0.7862277315280555,Equipment
336,ACC_00000336,Loan_336,17,9,25,CUST_000369,2025-11-29T17:09:49.677139,153653.5455228763,0.21879159909948676,Active,0.6660172607339514,Land
337,ACC_00000337,Loan_337,17,9,27,CUST_000114,2024-09-05T17:09:49.683263,335025.2294687445,0.14050674843062833,Active,0.5846025214478461,Building
338,ACC_00000338,Loan_338,17,9,27,CUST_000488,2024-10-29T17:09:49.683263,283332.39725723484,0.15165877135442912,Active,0.4451107793289002,Land
339,ACC_00000339,Loan_339,17,9,25,CUST_000174,2024-10-10T17:09:49.683263,237218.30749222977,0.22326037974047974,Active,0.5910968098279528,Land
340,ACC_00000340,Loan_340,17,9,25,CUST_000150,2025-05-17T17:09:49.683263,159487.64396018072,0.12441010248077936,Defaulted,0.5153538946309086,Building
341,ACC_00000341,Loan_341,18,9,25,CUST_000466,2025-08-24T17:09:49.683263,199161.33530195002,0.2103365863141573,Defaulted,0.8994597530637856,Equipment
342,ACC_00000342,Loan_342,18,9,25,CUST_000310,2026-02-24T17:09:49.683263,372287.50138347823,0.055325780917185166,Closed,0.46863015657503926,Land
343,ACC_00000343,Loan_343,18,9,26,CUST_000128,2026-02-25T17:09:49.683263,473562.2462891337,0.08277933180252936,Active,0.36479945737361474,Land
344,ACC_00000344,Loan_344,18,9,25,CUST_000412,2025-07-11T17:09:49.683263,51016.18842505041,0.1299495161117747,Active,0.8336935901246116,Unsecured
345,ACC_00000345,Loan_345,18,9,26,CUST_000006,2024-12-05T17:09:49.683263,186035.82475759357,0.07019763454350475,Active,0.7401008840668769,Building
346,ACC_00000346,Loan_346,18,9,25,CUST_000269,2026-03-25T17:09:49.683263,356347.39257795777,0.17748314088494238,Closed,0.6276478527050036,Unsecured
347,ACC_00000347,Loan_347,18,9,26,CUST_000403,2024-06-07T17:09:49.683263,202069.873936717,0.11346071770984034,Closed,0.5448354137100352,Unsecured
348,ACC_00000348,Loan_348,18,9,25,CUST_000312,2025-08-15T17:09:49.683263,216622.3255211596,0.24760820524951654,Active,0.5798523368415376,Unsecured
349,ACC_00000349,Loan_349,18,9,27,CUST_000477,2025-11-27T17:09:49.683263,159260.09817438683,0.16686454976917042,Closed,0.3929594241801339,Equipment
350,ACC_00000350,Loan_350,18,9,26,CUST_000478,2025-11-22T17:09:49.692908,376519.01590429427,0.24636684730239933,Active,0.49993776840242404,Equipment
351,ACC_00000351,Loan_351,18,9,25,CUST_000158,2024-08-20T17:09:49.692908,246878.2699362342,0.13517004384344672,Active,0.8548586604254567,Land
352,ACC_00000352,Loan_352,18,9,27,CUST_000470,2025-09-16T17:09:49.692908,168960.92419804848,0.19312152881386585,Active,0.5450468288486763,Equipment
353,ACC_00000353,Loan_353,18,9,27,CUST_000199,2026-01-01T17:09:49.694918,359034.07959185616,0.08231425341975895,Active,0.44751253441659944,Unsecured
354,ACC_00000354,Loan_354,18,9,26,CUST_000247,2024-07-02T17:09:49.694918,169998.3047040938,0.1895255840459955,Active,0.4701986948298972,Land
355,ACC_00000355,Loan_355,18,9,27,CUST_000033,2024-11-30T17:09:49.694918,19259.478683774396,0.1347356781842448,Active,0.31317683917446365,Building
356,ACC_00000356,Loan_356,18,9,25,CUST_000495,2026-03-28T17:09:49.696927,461614.90101964684,0.11171264343381158,Active,0.6737679389890108,Land
357,ACC_00000357,Loan_357,18,9,26,CUST_000090,2024-06-09T17:09:49.696927,32664.51257212187,0.059226468110403774,Active,0.344051069064068,Equipment
358,ACC_00000358,Loan_358,18,9,25,CUST_000141,2025-10-07T17:09:49.696927,406752.35832574766,0.182968480721854,Active,0.339606565919429,Equipment
359,ACC_00000359,Loan_359,18,9,27,CUST_000022,2025-04-16T17:09:49.698936,86872.08055691671,0.05079560901035525,Active,0.3423042644698191,Land
360,ACC_00000360,Loan_360,18,9,27,CUST_000291,2025-02-03T17:09:49.699907,385729.21962524176,0.2380336936365482,Restructured,0.4928084516560548,Building
361,ACC_00000361,Loan_361,19,10,29,CUST_000305,2026-04-09T17:09:49.700218,393595.0085458482,0.23985812103329945,Defaulted,0.6838774414552162,Unsecured
362,ACC_00000362,Loan_362,19,10,29,CUST_000475,2024-05-28T17:09:49.701322,455810.2749710393,0.06619010238086398,Closed,0.6069784182762694,Equipment
363,ACC_00000363,Loan_363,19,10,29,CUST_000349,2026-01-15T17:09:49.701322,210441.4211913491,0.22521493697481443,Closed,0.8469568166311736,Building
364,ACC_00000364,Loan_364,19,10,29,CUST_000499,2024-10-14T17:09:49.703330,460703.8975043376,0.10760506326743774,Active,0.8292284675481951,Equipment
365,ACC_00000365,Loan_365,19,10,29,CUST_000188,2025-07-13T17:09:49.703330,213442.02892820144,0.1254387511098774,Active,0.5172797775664355,Equipment
366,ACC_00000366,Loan_366,19,10,29,CUST_000225,2024-06-29T17:09:49.703330,421277.81222141645,0.07892131563384402,Active,0.7986181646726551,Land
367,ACC_00000367,Loan_367,19,10,28,CUST_000048,2024-07-02T17:09:49.705339,135388.79019300546,0.07482739014781853,Active,0.6029105182876875,Unsecured
368,ACC_00000368,Loan_368,19,10,30,CUST_000091,2025-07-13T17:09:49.705339,77755.6178009005,0.10833588851808573,Defaulted,0.8409190475361721,Building
369,ACC_00000369,Loan_369,19,10,30,CUST_000228,2026-03-06T17:09:49.705339,38411.13454977977,0.096969933023491,Active,0.6749124549601263,Land
370,ACC_00000370,Loan_370,19,10,29,CUST_000185,2025-06-09T17:09:49.705339,116325.81700207246,0.13570975225043283,Active,0.7021882754575592,Building
371,ACC_00000371,Loan_371,19,10,28,CUST_000331,2026-03-14T17:09:49.707346,440896.704850447,0.08330940107697415,Active,0.37425014336011886,Land
372,ACC_00000372,Loan_372,19,10,29,CUST_000120,2025-10-04T17:09:49.707346,206444.02271299867,0.1285852638652608,Restructured,0.6405183425651184,Unsecured
373,ACC_00000373,Loan_373,19,10,29,CUST_000214,2025-07-21T17:09:49.707346,140550.67819239662,0.15710188265844827,Active,0.8904596085107697,Building
374,ACC_00000374,Loan_374,19,10,28,CUST_000029,2025-11-11T17:09:49.709354,132685.11238391226,0.16465878510778287,Closed,0.6839268258969537,Land
375,ACC_00000375,Loan_375,19,10,29,CUST_000058,2025-02-05T17:09:49.709354,23430.811590030487,0.18560498389219582,Defaulted,0.8231967991700186,Building
376,ACC_00000376,Loan_376,19,10,29,CUST_000436,2024-06-14T17:09:49.709354,415227.9162864164,0.11768032119440026,Active,0.7031106061085847,Land
377,ACC_00000377,Loan_377,19,10,29,CUST_000144,2025-10-27T17:09:49.711363,139000.911428395,0.0764598751393204,Active,0.5648792128354239,Equipment
378,ACC_00000378,Loan_378,19,10,29,CUST_000409,2025-03-24T17:09:49.711363,343970.80334441934,0.20812429380074676,Defaulted,0.5629633316816545,Unsecured
379,ACC_00000379,Loan_379,19,10,29,CUST_000323,2025-12-28T17:09:49.711363,379888.3243360064,0.10128399909761708,Active,0.3629630550465641,Building
380,ACC_00000380,Loan_380,19,10,30,CUST_000475,2025-01-05T17:09:49.713371,167214.7768732193,0.0763827150380606,Active,0.7717924736500776,Equipment
381,ACC_00000381,Loan_381,20,10,28,CUST_000199,2026-02-15T17:09:49.713371,485497.3957523799,0.17220789982750556,Active,0.3139331938716158,Equipment
382,ACC_00000382,Loan_382,20,10,28,CUST_000247,2025-12-11T17:09:49.713371,27370.73010876173,0.24123836183434755,Active,0.8991183077281422,Building
383,ACC_00000383,Loan_383,20,10,30,CUST_000175,2024-06-14T17:09:49.715378,281523.4201226207,0.15667099092865905,Defaulted,0.34200485347900766,Land
384,ACC_00000384,Loan_384,20,10,29,CUST_000392,2025-08-23T17:09:49.716807,210818.28182773336,0.11934803809336517,Active,0.5375376702098873,Equipment
385,ACC_00000385,Loan_385,20,10,28,CUST_000466,2025-02-23T17:09:49.716807,210230.50839365608,0.18875738497313943,Active,0.5809811398206066,Land
386,ACC_00000386,Loan_386,20,10,28,CUST_000079,2024-11-01T17:09:49.717835,250039.12040539994,0.20867763335901196,Defaulted,0.5050204668129432,Equipment
387,ACC_00000387,Loan_387,20,10,28,CUST_000329,2025-05-07T17:09:49.717835,15053.813458022978,0.15052300378881567,Defaulted,0.7438595584651717,Building
388,ACC_00000388,Loan_388,20,10,29,CUST_000469,2026-04-10T17:09:49.717835,32948.95213472862,0.0923984090620976,Defaulted,0.6874636088515028,Unsecured
389,ACC_00000389,Loan_389,20,10,28,CUST_000438,2025-12-24T17:09:49.719843,114275.62655338846,0.21906702128522543,Closed,0.3773252243740083,Building
390,ACC_00000390,Loan_390,20,10,30,CUST_000048,2025-11-02T17:09:49.719843,302776.8170001048,0.07235908898937177,Active,0.8686731985486511,Land
391,ACC_00000391,Loan_391,20,10,28,CUST_000024,2025-01-02T17:09:49.719843,129801.2701283175,0.11964231741959792,Defaulted,0.7644975331914183,Equipment
392,ACC_00000392,Loan_392,20,10,28,CUST_000474,2025-02-15T17:09:49.721851,125066.44803087042,0.11469625689622434,Active,0.4540111278873831,Equipment
393,ACC_00000393,Loan_393,20,10,30,CUST_000310,2025-05-01T17:09:49.721851,204953.4833706173,0.07045301479224626,Active,0.635111827157232,Land
394,ACC_00000394,Loan_394,20,10,28,CUST_000463,2024-11-01T17:09:49.721851,144532.63556987297,0.21331883091494847,Active,0.564613693729962,Equipment
395,ACC_00000395,Loan_395,20,10,30,CUST_000259,2024-05-31T17:09:49.723859,268384.22911620606,0.10019007933548535,Active,0.8814178767569614,Equipment
396,ACC_00000396,Loan_396,20,10,28,CUST_000318,2024-06-29T17:09:49.723859,31999.089096495845,0.18904848609422792,Active,0.7811845555798007,Unsecured
397,ACC_00000397,Loan_397,20,10,30,CUST_000244,2024-11-27T17:09:49.723859,49328.018965896736,0.13265510797056349,Active,0.7436915630445774,Land
398,ACC_00000398,Loan_398,20,10,29,CUST_000046,2024-09-08T17:09:49.723859,68858.84820686914,0.20489774399814636,Active,0.747134616004385,Land
399,ACC_00000399,Loan_399,20,10,29,CUST_000312,2025-08-20T17:09:49.725867,26070.095669053717,0.23647451985456464,Defaulted,0.30757393713637454,Land
400,ACC_00000400,Loan_400,20,10,30,CUST_000264,2025-01-11T17:09:49.725867,171578.22941110196,0.21652340010714172,Active,0.36755155730820566,Unsecured
